ID,QR_Data,Image_File
1,BSP2409202531,qr_codes\qr_1.png
2,BSP2409202532,qr_codes\qr_2.png
3,BSP2409202533,qr_codes\qr_3.png
4,BSP2409202544,qr_codes\qr_4.png
5,BSP2409202545,qr_codes\qr_5.png
6,BSP2409202546,qr_codes\qr_6.png
7,BSP2409202547,qr_codes\qr_7.png
8,BSP2409202548,qr_codes\qr_8.png
9,BSP2409202549,qr_codes\qr_9.png
10,BSP24092025410,qr_codes\qr_10.png
11,BSP24092025411,qr_codes\qr_11.png
12,BSP24092025412,qr_codes\qr_12.png
13,BSP24092025413,qr_codes\qr_13.png
14,BSP24092025414,qr_codes\qr_14.png
15,BSP24092025415,qr_codes\qr_15.png
16,BSP24092025416,qr_codes\qr_16.png
17,BSP24092025417,qr_codes\qr_17.png
18,BSP24092025418,qr_codes\qr_18.png
